{
    "php": {
        "Afghanistan": "Afeganistão",
        "Albania": "Albânia",
        "Algeria": "Argélia",
        "American Samoa": "Samoa Americana",
        "Andorra": "Andorra",
        "Angola": "Angola",
        "Anguilla": "Anguila",
        "Antarctica": "Antártida",
        "Antigua And Barbuda": "Antígua e Barbuda",
        "Argentina": "Argentina",
        "Armenia": "Arménia",
        "Aruba": "Aruba",
        "Australia": "Austrália",
        "Austria": "Áustria",
        "Azerbaijan": "Azerbaijão",
        "Bahamas": "Bahamas",
        "Bahrain": "Barém",
        "Bangladesh": "Bangladesh",
        "Barbados": "Barbados",
        "Belarus": "Bielorrússia",
        "Belgium": "Bélgica",
        "Belize": "Belize",
        "Benin": "Benim",
        "Bermuda": "Bermudas",
        "Bhutan": "Butão",
        "Bolivia": "Bolívia",
        "Bosnia And Herzegovina": "Bósnia e Herzegovina",
        "Botswana": "Botswana",
        "Brazil": "Brasil",
        "British Indian Ocean Territory": "Território Britânico do Oceano Índico",
        "Virgin Islands, British": "Ilhas Virgens Britânicas",
        "Brunei Darussalam": "Brunei",
        "Bulgaria": "Bulgária",
        "Burkina Faso": "Burquina Faso",
        "Burundi": "Burundi",
        "Cambodia": "Camboja",
        "Cameroon": "Camarões",
        "Canada": "Canadá",
        "Cape Verde": "Cabo Verde",
        "Cayman Islands": "Ilhas Caimão",
        "Central African Republic": "República Centro-Africana",
        "Chad": "Chade",
        "Chile": "Chile",
        "China": "China",
        "Christmas Island": "Ilha do Natal",
        "Cocos (keeling) Islands": "Ilhas Cocos",
        "Colombia": "Colômbia",
        "Comoros": "Comores",
        "Congo": "Congo-Brazzaville",
        "Congo, The Democratic Republic Of The": "Congo-Kinshasa",
        "Cook Islands": "Ilhas Cook",
        "Costa Rica": "Costa Rica",
        "Cote D'ivoire": "Costa do Marfim",
        "Croatia": "Croácia",
        "Cuba": "Cuba",
        "Cyprus": "Chipre",
        "Czech Republic": "República Checa",
        "Denmark": "Dinamarca",
        "Djibouti": "Jibuti",
        "Dominica": "Domínica",
        "Dominican Republic": "República Dominicana",
        "Ecuador": "Equador",
        "Egypt": "Egipto",
        "El Salvador": "El Salvador",
        "Equatorial Guinea": "Guiné Equatorial",
        "Eritrea": "Eritreia",
        "Estonia": "Estónia",
        "Ethiopia": "Etiópia",
        "Falkland Islands (malvinas)": "Ilhas Falkland",
        "Faroe Islands": "Ilhas Faroé",
        "Fiji": "Fiji",
        "Finland": "Finlândia",
        "France": "França",
        "French Guiana": "Guiana Francesa",
        "French Polynesia": "Polinésia Francesa",
        "French Southern Territories": "Territórios Franceses do Sul",
        "Gabon": "Gabão",
        "Gambia": "Gâmbia",
        "Georgia": "Geórgia",
        "Germany": "Alemanha",
        "Ghana": "Gana",
        "Gibraltar": "Gibraltar",
        "Greece": "Grécia",
        "Greenland": "Gronelândia",
        "Grenada": "Granada",
        "Guadeloupe": "Guadalupe",
        "Guam": "Guame",
        "Guatemala": "Guatemala",
        "Guinea": "Guiné",
        "Guinea-bissau": "Guiné-Bissau",
        "Guyana": "Guiana",
        "Haiti": "Haiti",
        "Honduras": "Honduras",
        "Hong Kong": "Hong Kong, RAE da China",
        "Hungary": "Hungria",
        "Iceland": "Islândia",
        "India": "Índia",
        "Indonesia": "Indonésia",
        "Iran, Islamic Republic Of": "Irão",
        "Iraq": "Iraque",
        "Ireland": "Irlanda",
        "Israel": "Israel",
        "Italy": "Itália",
        "Jamaica": "Jamaica",
        "Japan": "Japão",
        "Jordan": "Jordânia",
        "Kazakstan": "Cazaquistão",
        "Kenya": "Quénia",
        "Kiribati": "Quiribati",
        "Kuwait": "Kuwait",
        "Kyrgyzstan": "Quirguistão",
        "Lao People's Democratic Republic": "Laos",
        "Latvia": "Letónia",
        "Lebanon": "Líbano",
        "Lesotho": "Lesoto",
        "Liberia": "Libéria",
        "Libyan Arab Jamahiriya": "Líbia",
        "Liechtenstein": "Liechtenstein",
        "Lithuania": "Lituânia",
        "Luxembourg": "Luxemburgo",
        "Macau": "Macau, RAE da China",
        "Macedonia, The Former Yugoslav Republic Of": "Macedónia",
        "Madagascar": "Madagáscar",
        "Malawi": "Malawi",
        "Malaysia": "Malásia",
        "Maldives": "Maldivas",
        "Mali": "Mali",
        "Malta": "Malta",
        "Marshall Islands": "Ilhas Marshall",
        "Martinique": "Martinica",
        "Mauritania": "Mauritânia",
        "Mauritius": "Maurícia",
        "Mayotte": "Maiote",
        "Mexico": "México",
        "Micronesia, Federated States Of": "Micronésia",
        "Moldova, Republic Of": "Moldávia",
        "Monaco": "Mónaco",
        "Mongolia": "Mongólia",
        "Montenegro": "Montenegro",
        "Montserrat": "Monserrate",
        "Morocco": "Marrocos",
        "Mozambique": "Moçambique",
        "Myanmar": "Mianmar (Birmânia)",
        "Namibia": "Namíbia",
        "Nauru": "Nauru",
        "Nepal": "Nepal",
        "Netherlands": "Países Baixos",
        "New Caledonia": "Nova Caledónia",
        "New Zealand": "Nova Zelândia",
        "Nicaragua": "Nicarágua",
        "Niger": "Níger",
        "Nigeria": "Nigéria",
        "Niue": "Niue",
        "Norfolk Island": "Ilha Norfolk",
        "Korea, Democratic People's Republic Of": "Coreia do Norte",
        "Northern Mariana Islands": "Ilhas Marianas do Norte",
        "Norway": "Noruega",
        "Oman": "Omã",
        "Pakistan": "Paquistão",
        "Palau": "Palau",
        "Palestinian Territory, Occupied": "Território Palestiniano",
        "Panama": "Panamá",
        "Papua New Guinea": "Papua-Nova Guiné",
        "Paraguay": "Paraguai",
        "Peru": "Peru",
        "Philippines": "Filipinas",
        "Pitcairn": "Pitcairn",
        "Poland": "Polónia",
        "Portugal": "Portugal",
        "Puerto Rico": "Porto Rico",
        "Qatar": "Catar",
        "Reunion": "Reunião",
        "Romania": "Roménia",
        "Russian Federation": "Rússia",
        "Rwanda": "Ruanda",
        "Samoa": "Samoa",
        "San Marino": "São Marino",
        "Sao Tome And Principe": "São Tomé e Príncipe",
        "Saudi Arabia": "Arábia Saudita",
        "Senegal": "Senegal",
        "Serbia": "Sérvia",
        "Seychelles": "Seicheles",
        "Sierra Leone": "Serra Leoa",
        "Singapore": "Singapura",
        "Slovakia": "Eslováquia",
        "Slovenia": "Eslovénia",
        "Solomon Islands": "Ilhas Salomão",
        "Somalia": "Somália",
        "South Africa": "África do Sul",
        "South Georgia And The South Sandwich Islands": "Ilhas Geórgia do Sul e Sandwich do Sul",
        "Korea, Republic Of": "Coreia do Sul",
        "Spain": "Espanha",
        "Sri Lanka": "Sri Lanka",
        "Saint Helena": "Santa Helena",
        "Saint Kitts And Nevis": "São Cristóvão e Nevis",
        "Saint Lucia": "Santa Lúcia",
        "Saint Pierre And Miquelon": "Saint Pierre e Miquelon",
        "Saint Vincent And The Grenadines": "São Vicente e Granadinas",
        "Sudan": "Sudão",
        "Suriname": "Suriname",
        "Svalbard And Jan Mayen": "Svalbard e Jan Mayen",
        "Swaziland": "Suazilândia",
        "Sweden": "Suécia",
        "Switzerland": "Suíça",
        "Syrian Arab Republic": "Síria",
        "Taiwan, Province Of China": "Taiwan",
        "Tajikistan": "Tajiquistão",
        "Tanzania, United Republic Of": "Tanzânia",
        "Thailand": "Tailândia",
        "Togo": "Togo",
        "Tokelau": "Toquelau",
        "Tonga": "Tonga",
        "Trinidad And Tobago": "Trindade e Tobago",
        "Tunisia": "Tunísia",
        "Turkey": "Turquia",
        "Turkmenistan": "Turquemenistão",
        "Turks And Caicos Islands": "Ilhas Turcas e Caicos",
        "Tuvalu": "Tuvalu",
        "United States Minor Outlying Islands": "Ilhas Distantes dos EUA",
        "Virgin Islands, U.s.": "Ilhas Virgens dos EUA",
        "Uganda": "Uganda",
        "Ukraine": "Ucrânia",
        "United Arab Emirates": "Emirados Árabes Unidos",
        "United Kingdom": "Reino Unido",
        "United States": "Estados Unidos",
        "Uruguay": "Uruguai",
        "Uzbekistan": "Uzbequistão",
        "Vanuatu": "Vanuatu",
        "Holy See (vatican City State)": "Cidade do Vaticano",
        "Venezuela": "Venezuela",
        "Viet Nam": "Vietname",
        "Wallis And Futuna": "Wallis e Futuna",
        "Western Sahara": "Saara Ocidental",
        "Yemen": "Iémen",
        "Zambia": "Zâmbia",
        "Zimbabwe": "Zimbabué",
        "Curaçao": "Curaçau",
        "Guernesey": "Guernesey",
        "Isle of Man": "Ilha de Man",
        "Jersey": "Jersey",
        "Bonaire, Sint Eustatius and Saba": "Países Baixos Caribenhos",
        "Saint Barthélemy": "São Bartolomeu",
        "Saint Martin (French part)": "São Martinho",
        "Sint Maarten (Dutch part)": "São Martinho (Sint Maarten)",
        "South Sudan": "Sudão do Sul",
        "Timor-Leste": "Timor-Leste"
    }
}