{
    "php": {
        "Afghanistan": "אפגניסטן",
        "Albania": "אלבניה",
        "Algeria": "אלג׳יריה",
        "American Samoa": "סמואה האמריקנית",
        "Andorra": "אנדורה",
        "Angola": "אנגולה",
        "Anguilla": "אנגווילה",
        "Antarctica": "אנטארקטיקה",
        "Antigua And Barbuda": "אנטיגואה וברבודה",
        "Argentina": "ארגנטינה",
        "Armenia": "ארמניה",
        "Aruba": "ארובה",
        "Australia": "אוסטרליה",
        "Austria": "אוסטריה",
        "Azerbaijan": "אזרבייג׳ן",
        "Bahamas": "איי בהאמה",
        "Bahrain": "בחריין",
        "Bangladesh": "בנגלדש",
        "Barbados": "ברבדוס",
        "Belarus": "בלארוס",
        "Belgium": "בלגיה",
        "Belize": "בליז",
        "Benin": "בנין",
        "Bermuda": "ברמודה",
        "Bhutan": "בהוטן",
        "Bolivia": "בוליביה",
        "Bosnia And Herzegovina": "בוסניה והרצגובינה",
        "Botswana": "בוצוואנה",
        "Brazil": "ברזיל",
        "British Indian Ocean Territory": "הטריטוריה הבריטית באוקיינוס ההודי",
        "Virgin Islands, British": "איי הבתולה הבריטיים",
        "Brunei Darussalam": "ברוניי",
        "Bulgaria": "בולגריה",
        "Burkina Faso": "בורקינה פאסו",
        "Burundi": "בורונדי",
        "Cambodia": "קמבודיה",
        "Cameroon": "קמרון",
        "Canada": "קנדה",
        "Cape Verde": "כף ורדה",
        "Cayman Islands": "איי קיימן",
        "Central African Republic": "הרפובליקה המרכז-אפריקאית",
        "Chad": "צ׳אד",
        "Chile": "צ׳ילה",
        "China": "סין",
        "Christmas Island": "אי חג המולד",
        "Cocos (keeling) Islands": "איי קוקוס (קילינג)",
        "Colombia": "קולומביה",
        "Comoros": "קומורו",
        "Congo": "קונגו - ברזאויל",
        "Congo, The Democratic Republic Of The": "קונגו - קינשאסה",
        "Cook Islands": "איי קוק",
        "Costa Rica": "קוסטה ריקה",
        "Cote D'ivoire": "חוף השנהב",
        "Croatia": "קרואטיה",
        "Cuba": "קובה",
        "Cyprus": "קפריסין",
        "Czech Republic": "צ׳כיה",
        "Denmark": "דנמרק",
        "Djibouti": "ג׳יבוטי",
        "Dominica": "דומיניקה",
        "Dominican Republic": "הרפובליקה הדומיניקנית",
        "Ecuador": "אקוודור",
        "Egypt": "מצרים",
        "El Salvador": "אל סלבדור",
        "Equatorial Guinea": "גינאה המשוונית",
        "Eritrea": "אריתריאה",
        "Estonia": "אסטוניה",
        "Ethiopia": "אתיופיה",
        "Falkland Islands (malvinas)": "איי פוקלנד",
        "Faroe Islands": "איי פארו",
        "Fiji": "פיג׳י",
        "Finland": "פינלנד",
        "France": "צרפת",
        "French Guiana": "גיאנה הצרפתית",
        "French Polynesia": "פולינזיה הצרפתית",
        "French Southern Territories": "הטריטוריות הדרומיות של צרפת",
        "Gabon": "גבון",
        "Gambia": "גמביה",
        "Georgia": "גאורגיה",
        "Germany": "גרמניה",
        "Ghana": "גאנה",
        "Gibraltar": "גיברלטר",
        "Greece": "יוון",
        "Greenland": "גרינלנד",
        "Grenada": "גרנדה",
        "Guadeloupe": "גוואדלופ",
        "Guam": "גואם",
        "Guatemala": "גואטמלה",
        "Guinea": "גינאה",
        "Guinea-bissau": "גינאה-ביסאו",
        "Guyana": "גיאנה",
        "Haiti": "האיטי",
        "Honduras": "הונדורס",
        "Hong Kong": "הונג קונג (אזור מנהלי מיוחד של סין)",
        "Hungary": "הונגריה",
        "Iceland": "איסלנד",
        "India": "הודו",
        "Indonesia": "אינדונזיה",
        "Iran, Islamic Republic Of": "איראן",
        "Iraq": "עיראק",
        "Ireland": "אירלנד",
        "Israel": "ישראל",
        "Italy": "איטליה",
        "Jamaica": "ג׳מייקה",
        "Japan": "יפן",
        "Jordan": "ירדן",
        "Kazakstan": "קזחסטן",
        "Kenya": "קניה",
        "Kiribati": "קיריבאטי",
        "Kuwait": "כווית",
        "Kyrgyzstan": "קירגיזסטן",
        "Lao People's Democratic Republic": "לאוס",
        "Latvia": "לטביה",
        "Lebanon": "לבנון",
        "Lesotho": "לסוטו",
        "Liberia": "ליבריה",
        "Libyan Arab Jamahiriya": "לוב",
        "Liechtenstein": "ליכטנשטיין",
        "Lithuania": "ליטא",
        "Luxembourg": "לוקסמבורג",
        "Macau": "מקאו (אזור מנהלי מיוחד של סין)",
        "Macedonia, The Former Yugoslav Republic Of": "מקדוניה הצפונית",
        "Madagascar": "מדגסקר",
        "Malawi": "מלאווי",
        "Malaysia": "מלזיה",
        "Maldives": "האיים המלדיביים",
        "Mali": "מאלי",
        "Malta": "מלטה",
        "Marshall Islands": "איי מרשל",
        "Martinique": "מרטיניק",
        "Mauritania": "מאוריטניה",
        "Mauritius": "מאוריציוס",
        "Mayotte": "מאיוט",
        "Mexico": "מקסיקו",
        "Micronesia, Federated States Of": "מיקרונזיה",
        "Moldova, Republic Of": "מולדובה",
        "Monaco": "מונקו",
        "Mongolia": "מונגוליה",
        "Montenegro": "מונטנגרו",
        "Montserrat": "מונסראט",
        "Morocco": "מרוקו",
        "Mozambique": "מוזמביק",
        "Myanmar": "מיאנמר (בורמה)",
        "Namibia": "נמיביה",
        "Nauru": "נאורו",
        "Nepal": "נפאל",
        "Netherlands": "הולנד",
        "New Caledonia": "קלדוניה החדשה",
        "New Zealand": "ניו זילנד",
        "Nicaragua": "ניקרגואה",
        "Niger": "ניז׳ר",
        "Nigeria": "ניגריה",
        "Niue": "ניווה",
        "Norfolk Island": "האי נורפוק",
        "Korea, Democratic People's Republic Of": "קוריאה הצפונית",
        "Northern Mariana Islands": "איי מריאנה הצפוניים",
        "Norway": "נורווגיה",
        "Oman": "עומאן",
        "Pakistan": "פקיסטן",
        "Palau": "פלאו",
        "Palestinian Territory, Occupied": "השטחים הפלסטיניים",
        "Panama": "פנמה",
        "Papua New Guinea": "פפואה גינאה החדשה",
        "Paraguay": "פרגוואי",
        "Peru": "פרו",
        "Philippines": "הפיליפינים",
        "Pitcairn": "איי פיטקרן",
        "Poland": "פולין",
        "Portugal": "פורטוגל",
        "Puerto Rico": "פוארטו ריקו",
        "Qatar": "קטאר",
        "Reunion": "ראוניון",
        "Romania": "רומניה",
        "Russian Federation": "רוסיה",
        "Rwanda": "רואנדה",
        "Samoa": "סמואה",
        "San Marino": "סן מרינו",
        "Sao Tome And Principe": "סאו טומה ופרינסיפה",
        "Saudi Arabia": "ערב הסעודית",
        "Senegal": "סנגל",
        "Serbia": "סרביה",
        "Seychelles": "איי סיישל",
        "Sierra Leone": "סיירה לאונה",
        "Singapore": "סינגפור",
        "Slovakia": "סלובקיה",
        "Slovenia": "סלובניה",
        "Solomon Islands": "איי שלמה",
        "Somalia": "סומליה",
        "South Africa": "דרום אפריקה",
        "South Georgia And The South Sandwich Islands": "ג׳ורג׳יה הדרומית ואיי סנדוויץ׳ הדרומיים",
        "Korea, Republic Of": "קוריאה הדרומית",
        "Spain": "ספרד",
        "Sri Lanka": "סרי לנקה",
        "Saint Helena": "סנט הלנה",
        "Saint Kitts And Nevis": "סנט קיטס ונוויס",
        "Saint Lucia": "סנט לוסיה",
        "Saint Pierre And Miquelon": "סנט פייר ומיקלון",
        "Saint Vincent And The Grenadines": "סנט וינסנט והגרנדינים",
        "Sudan": "סודן",
        "Suriname": "סורינאם",
        "Svalbard And Jan Mayen": "סבאלברד ויאן מאיין",
        "Swaziland": "אסוואטיני",
        "Sweden": "שוודיה",
        "Switzerland": "שווייץ",
        "Syrian Arab Republic": "סוריה",
        "Taiwan, Province Of China": "טייוואן",
        "Tajikistan": "טג׳יקיסטן",
        "Tanzania, United Republic Of": "טנזניה",
        "Thailand": "תאילנד",
        "Togo": "טוגו",
        "Tokelau": "טוקלאו",
        "Tonga": "טונגה",
        "Trinidad And Tobago": "טרינידד וטובגו",
        "Tunisia": "תוניסיה",
        "Turkey": "טורקיה",
        "Turkmenistan": "טורקמניסטן",
        "Turks And Caicos Islands": "איי טרקס וקייקוס",
        "Tuvalu": "טובאלו",
        "United States Minor Outlying Islands": "האיים המרוחקים הקטנים של ארה״ב",
        "Virgin Islands, U.s.": "איי הבתולה של ארצות הברית",
        "Uganda": "אוגנדה",
        "Ukraine": "אוקראינה",
        "United Arab Emirates": "איחוד האמירויות הערביות",
        "United Kingdom": "בריטניה",
        "United States": "ארצות הברית",
        "Uruguay": "אורוגוואי",
        "Uzbekistan": "אוזבקיסטן",
        "Vanuatu": "ונואטו",
        "Holy See (vatican City State)": "הוותיקן",
        "Venezuela": "ונצואלה",
        "Viet Nam": "וייטנאם",
        "Wallis And Futuna": "איי ווליס ופוטונה",
        "Western Sahara": "סהרה המערבית",
        "Yemen": "תימן",
        "Zambia": "זמביה",
        "Zimbabwe": "זימבבואה",
        "Jersey": "ג׳רזי",
        "Guernesey": "גרנזי",
        "South Sudan": "דרום סודן",
        "Isle of Man": "האי מאן",
        "Bonaire, Sint Eustatius and Saba": "האיים הקריביים ההולנדיים",
        "Timor-Leste": "טימור-לסטה",
        "Saint Martin (French part)": "סן מרטן",
        "Saint Barthélemy": "סנט ברתולומיאו",
        "Sint Maarten (Dutch part)": "סנט מארטן",
        "Curaçao": "קוראסאו"
    }
}