{
    "php": {
        "Afghanistan": "Αφγανιστάν",
        "Albania": "Αλβανία",
        "Algeria": "Αλγερία",
        "American Samoa": "Αμερικανική Σαμόα",
        "Andorra": "Ανδόρα",
        "Angola": "Ανγκόλα",
        "Anguilla": "Ανγκουίλα",
        "Antarctica": "Ανταρκτική",
        "Antigua And Barbuda": "Αντίγκουα και Μπαρμπούντα",
        "Argentina": "Αργεντινή",
        "Armenia": "Αρμενία",
        "Aruba": "Αρούμπα",
        "Australia": "Αυστραλία",
        "Austria": "Αυστρία",
        "Azerbaijan": "Αζερμπαϊτζάν",
        "Bahamas": "Μπαχάμες",
        "Bahrain": "Μπαχρέιν",
        "Bangladesh": "Μπανγκλαντές",
        "Barbados": "Μπαρμπάντος",
        "Belarus": "Λευκορωσία",
        "Belgium": "Βέλγιο",
        "Belize": "Μπελίζ",
        "Benin": "Μπενίν",
        "Bermuda": "Βερμούδες",
        "Bhutan": "Μπουτάν",
        "Bolivia": "Βολιβία",
        "Bosnia And Herzegovina": "Βοσνία - Ερζεγοβίνη",
        "Botswana": "Μποτσουάνα",
        "Brazil": "Βραζιλία",
        "British Indian Ocean Territory": "Βρετανικά Εδάφη Ινδικού Ωκεανού",
        "Virgin Islands, British": "Βρετανικές Παρθένοι Νήσοι",
        "Brunei Darussalam": "Μπρουνέι",
        "Bulgaria": "Βουλγαρία",
        "Burkina Faso": "Μπουρκίνα Φάσο",
        "Burundi": "Μπουρούντι",
        "Cambodia": "Καμπότζη",
        "Cameroon": "Καμερούν",
        "Canada": "Καναδάς",
        "Cape Verde": "Πράσινο Ακρωτήριο",
        "Cayman Islands": "Νήσοι Κάιμαν",
        "Central African Republic": "Κεντροαφρικανική Δημοκρατία",
        "Chad": "Τσαντ",
        "Chile": "Χιλή",
        "China": "Κίνα",
        "Christmas Island": "Νήσος των Χριστουγέννων",
        "Cocos (keeling) Islands": "Νήσοι Κόκος (Κίλινγκ)",
        "Colombia": "Κολομβία",
        "Comoros": "Κομόρες",
        "Congo": "Κονγκό - Μπραζαβίλ",
        "Congo, The Democratic Republic Of The": "Κονγκό - Κινσάσα",
        "Cook Islands": "Νήσοι Κουκ",
        "Costa Rica": "Κόστα Ρίκα",
        "Cote D'ivoire": "Ακτή Ελεφαντοστού",
        "Croatia": "Κροατία",
        "Cuba": "Κούβα",
        "Cyprus": "Κύπρος",
        "Czech Republic": "Τσεχική Δημοκρατία",
        "Denmark": "Δανία",
        "Djibouti": "Τζιμπουτί",
        "Dominica": "Ντομίνικα",
        "Dominican Republic": "Δομινικανή Δημοκρατία",
        "Ecuador": "Εκουαδόρ",
        "Egypt": "Αίγυπτος",
        "El Salvador": "Ελ Σαλβαδόρ",
        "Equatorial Guinea": "Ισημερινή Γουινέα",
        "Eritrea": "Ερυθραία",
        "Estonia": "Εσθονία",
        "Ethiopia": "Αιθιοπία",
        "Falkland Islands (malvinas)": "Νήσοι Φόκλαντ",
        "Faroe Islands": "Νήσοι Φερόες",
        "Fiji": "Φίτζι",
        "Finland": "Φινλανδία",
        "France": "Γαλλία",
        "French Guiana": "Γαλλική Γουιάνα",
        "French Polynesia": "Γαλλική Πολυνησία",
        "French Southern Territories": "Γαλλικές περιοχές του νοτίου ημισφαιρίου",
        "Gabon": "Γκαμπόν",
        "Gambia": "Γκάμπια",
        "Georgia": "Γεωργία",
        "Germany": "Γερμανία",
        "Ghana": "Γκάνα",
        "Gibraltar": "Γιβραλτάρ",
        "Greece": "Ελλάδα",
        "Greenland": "Γροιλανδία",
        "Grenada": "Γρενάδα",
        "Guadeloupe": "Γουαδελούπη",
        "Guam": "Γκουάμ",
        "Guatemala": "Γουατεμάλα",
        "Guinea": "Γουινέα",
        "Guinea-bissau": "Γουινέα Μπισάου",
        "Guyana": "Γουιάνα",
        "Haiti": "Αϊτή",
        "Honduras": "Ονδούρα",
        "Hong Kong": "Χονγκ Κονγκ ΕΔΠ Κίνας",
        "Hungary": "Ουγγαρία",
        "Iceland": "Ισλανδία",
        "India": "Ινδία",
        "Indonesia": "Ινδονησία",
        "Iran, Islamic Republic Of": "Ιράν",
        "Iraq": "Ιράκ",
        "Ireland": "Ιρλανδία",
        "Israel": "Ισραήλ",
        "Italy": "Ιταλία",
        "Jamaica": "Τζαμάικα",
        "Japan": "Ιαπωνία",
        "Jordan": "Ιορδανία",
        "Kazakstan": "Καζακστάν",
        "Kenya": "Κένυα",
        "Kiribati": "Κιριμπάτι",
        "Kuwait": "Κουβέιτ",
        "Kyrgyzstan": "Κιργιστάν",
        "Lao People's Democratic Republic": "Λάος",
        "Latvia": "Λετονία",
        "Lebanon": "Λίβανος",
        "Lesotho": "Λεσότο",
        "Liberia": "Λιβερία",
        "Libyan Arab Jamahiriya": "Λιβύη",
        "Liechtenstein": "Λιχτενστάιν",
        "Lithuania": "Λιθουανία",
        "Luxembourg": "Λουξεμβούργο",
        "Macau": "Μακάο ΕΔΠ Κίνας",
        "Macedonia, The Former Yugoslav Republic Of": "Πρώην Γιουγκοσλαβική Δημοκρατία της Μακεδονίας",
        "Madagascar": "Μαδαγασκάρη",
        "Malawi": "Μαλάουι",
        "Malaysia": "Μαλαισία",
        "Maldives": "Μαλδίβες",
        "Mali": "Μάλι",
        "Malta": "Μάλτα",
        "Marshall Islands": "Νήσοι Μάρσαλ",
        "Martinique": "Μαρτινίκα",
        "Mauritania": "Μαυριτανία",
        "Mauritius": "Μαυρίκιος",
        "Mayotte": "Μαγιότ",
        "Mexico": "Μεξικό",
        "Micronesia, Federated States Of": "Μικρονησία",
        "Moldova, Republic Of": "Μολδαβία",
        "Monaco": "Μονακό",
        "Mongolia": "Μογγολία",
        "Montenegro": "Μαυροβούνιο",
        "Montserrat": "Μονσεράτ",
        "Morocco": "Μαρόκο",
        "Mozambique": "Μοζαμβίκη",
    "Myanmar": "Μιανμάρ/Βιρμανία",
        "Namibia": "Ναμίμπια",
        "Nauru": "Ναουρού",
        "Nepal": "Νεπάλ",
        "Netherlands": "Ολλανδία",
        "New Caledonia": "Νέα Καληδονία",
        "New Zealand": "Νέα Ζηλανδία",
        "Nicaragua": "Νικαράγουα",
        "Niger": "Νίγηρας",
        "Nigeria": "Νιγηρία",
        "Niue": "Νιούε",
        "Norfolk Island": "Νήσος Νόρφολκ",
        "Korea, Democratic People's Republic Of": "Βόρεια Κορέα",
        "Northern Mariana Islands": "Νήσοι Βόρειες Μαριάνες",
        "Norway": "Νορβηγία",
        "Oman": "Ομάν",
        "Pakistan": "Πακιστάν",
        "Palau": "Παλάου",
        "Palestinian Territory, Occupied": "Παλαιστινιακά Εδάφη",
        "Panama": "Παναμάς",
        "Papua New Guinea": "Παπούα Νέα Γουινέα",
        "Paraguay": "Παραγουάη",
        "Peru": "Περού",
        "Philippines": "Φιλιππίνες",
        "Pitcairn": "Νήσοι Πίτκερν",
        "Poland": "Πολωνία",
        "Portugal": "Πορτογαλία",
        "Puerto Rico": "Πουέρτο Ρίκο",
        "Qatar": "Κατάρ",
        "Reunion": "Ρεϊνιόν",
        "Romania": "Ρουμανία",
        "Russian Federation": "Ρωσία",
        "Rwanda": "Ρουάντα",
        "Samoa": "Σαμόα",
        "San Marino": "Άγιος Μαρίνος",
        "Sao Tome And Principe": "Σάο Τομέ και Πρίνσιπε",
        "Saudi Arabia": "Σαουδική Αραβία",
        "Senegal": "Σενεγάλη",
        "Serbia": "Σερβία",
        "Seychelles": "Σεϋχέλλες",
        "Sierra Leone": "Σιέρα Λεόνε",
        "Singapore": "Σιγκαπούρη",
        "Slovakia": "Σλοβακία",
        "Slovenia": "Σλοβενία",
        "Solomon Islands": "Νήσοι Σολομώντος",
        "Somalia": "Σομαλία",
        "South Africa": "Νότια Αφρική",
        "South Georgia And The South Sandwich Islands": "Νήσοι Νότια Γεωργία και Νότιες Σάντουιτς",
        "Korea, Republic Of": "Νότια Κορέα",
        "Spain": "Ισπανία",
        "Sri Lanka": "Σρι Λάνκα",
        "Saint Helena": "Αγία Ελένη",
        "Saint Kitts And Nevis": "Άγιος Χριστόφορος και Νέβις",
        "Saint Lucia": "Αγία Λουκία",
        "Saint Pierre And Miquelon": "Σεν Πιερ και Μικελόν",
        "Saint Vincent And The Grenadines": "Άγιος Βικέντιος και Γρεναδίνες",
        "Sudan": "Σουδάν",
        "Suriname": "Σουρινάμ",
        "Svalbard And Jan Mayen": "Σβάλμπαρντ και Γιαν Μαγιέν",
        "Swaziland": "Σουαζιλάνδη",
        "Sweden": "Σουηδία",
        "Switzerland": "Ελβετία",
        "Syrian Arab Republic": "Συρία",
        "Taiwan, Province Of China": "Ταϊβάν",
        "Tajikistan": "Τατζικιστάν",
        "Tanzania, United Republic Of": "Τανζανία",
        "Thailand": "Ταϊλάνδη",
        "Togo": "Τόγκο",
        "Tokelau": "Τοκελάου",
        "Tonga": "Τόνγκα",
        "Trinidad And Tobago": "Τρινιντάντ και Τομπάγκο",
        "Tunisia": "Τυνησία",
        "Turkey": "Τουρκία",
        "Turkmenistan": "Τουρκμενιστάν",
        "Turks And Caicos Islands": "Νήσοι Τερκ και Κάικος",
        "Tuvalu": "Τουβαλού",
        "United States Minor Outlying Islands": "Απομακρυσμένες Νησίδες Η.Π.Α.",
        "Virgin Islands, U.s.": "Αμερικανικές Παρθένοι Νήσοι",
        "Uganda": "Ουγκάντα",
        "Ukraine": "Ουκρανία",
        "United Arab Emirates": "Ηνωμένα Αραβικά Εμιράτα",
        "United Kingdom": "Ηνωμένο Βασίλειο",
        "United States": "Ηνωμένες Πολιτείες",
        "Uruguay": "Ουρουγουάη",
        "Uzbekistan": "Ουζμπεκιστάν",
        "Vanuatu": "Βανουάτου",
        "Holy See (vatican City State)": "Βατικανό",
        "Venezuela": "Βενεζουέλα",
        "Viet Nam": "Βιετνάμ",
        "Wallis And Futuna": "Ουάλις και Φουτούνα",
        "Western Sahara": "Δυτική Σαχάρα",
        "Yemen": "Υεμένη",
        "Zambia": "Ζάμπια",
        "Zimbabwe": "Ζιμπάμπουε",
        "Saint Barthélemy": "Άγιος Βαρθολομαίος",
        "Saint Martin (French part)": "Άγιος Μαρτίνος (Γαλλικό τμήμα)",
        "Sint Maarten (Dutch part)": "Άγιος Μαρτίνος (Ολλανδικό τμήμα)",
        "Guernesey": "Γκέρνζι",
        "Curaçao": "Κουρασάο",
        "Isle of Man": "Νήσος του Μαν",
        "South Sudan": "Νότιο Σουδάν",
        "Bonaire, Sint Eustatius and Saba": "Ολλανδία Καραϊβικής",
        "Jersey": "Τζέρζι",
        "Timor-Leste": "Τιμόρ-Λέστε"
    }
}