{
  "php": {
    "Afghanistan": "アフガニスタン",
    "Albania": "アルバニア",
    "Algeria": "アルジェリア",
    "American Samoa": "米領サモア",
    "Andorra": "アンドラ",
    "Angola": "アンゴラ",
    "Anguilla": "アンギラ",
    "Antarctica": "南極",
    "Antigua And Barbuda": "アンティグア・バーブーダ",
    "Argentina": "アルゼンチン",
    "Armenia": "アルメニア",
    "Aruba": "アルバ",
    "Australia": "オーストラリア",
    "Austria": "オーストリア",
    "Azerbaijan": "アゼルバイジャン",
    "Bahamas": "バハマ",
    "Bahrain": "バーレーン",
    "Bangladesh": "バングラデシュ",
    "Barbados": "バルバドス",
    "Belarus": "ベラルーシ",
    "Belgium": "ベルギー",
    "Belize": "ベリーズ",
    "Benin": "ベナン",
    "Bermuda": "バミューダ",
    "Bhutan": "ブータン",
    "Bolivia": "ボリビア",
    "Bosnia And Herzegovina": "ボスニア・ヘルツェゴビナ",
    "Botswana": "ボツワナ",
    "Brazil": "ブラジル",
    "British Indian Ocean Territory": "英領インド洋地域",
    "Virgin Islands, British": "英領ヴァージン諸島",
    "Brunei Darussalam": "ブルネイ",
    "Bulgaria": "ブルガリア",
    "Burkina Faso": "ブルキナファソ",
    "Burundi": "ブルンジ",
    "Cambodia": "カンボジア",
    "Cameroon": "カメルーン",
    "Canada": "カナダ",
    "Cape Verde": "カーボベルデ",
    "Cayman Islands": "ケイマン諸島",
    "Central African Republic": "中央アフリカ共和国",
    "Chad": "チャド",
    "Chile": "チリ",
    "China": "中国",
    "Christmas Island": "クリスマス島",
    "Cocos (keeling) Islands": "ココス(キーリング)諸島",
    "Colombia": "コロンビア",
    "Comoros": "コモロ",
    "Congo": "コンゴ共和国(ブラザビル)",
    "Congo, The Democratic Republic Of The": "コンゴ民主共和国(キンシャサ)",
    "Cook Islands": "クック諸島",
    "Costa Rica": "コスタリカ",
    "Cote D'ivoire": "コートジボワール",
    "Croatia": "クロアチア",
    "Cuba": "キューバ",
    "Cyprus": "キプロス",
    "Czech Republic": "チェコ",
    "Denmark": "デンマーク",
    "Djibouti": "ジブチ",
    "Dominica": "ドミニカ国",
    "Dominican Republic": "ドミニカ共和国",
    "Ecuador": "エクアドル",
    "Egypt": "エジプト",
    "El Salvador": "エルサルバドル",
    "Equatorial Guinea": "赤道ギニア",
    "Eritrea": "エリトリア",
    "Estonia": "エストニア",
    "Ethiopia": "エチオピア",
    "Falkland Islands (malvinas)": "フォークランド諸島",
    "Faroe Islands": "フェロー諸島",
    "Fiji": "フィジー",
    "Finland": "フィンランド",
    "France": "フランス",
    "French Guiana": "仏領ギアナ",
    "French Polynesia": "仏領ポリネシア",
    "French Southern Territories": "仏領極南諸島",
    "Gabon": "ガボン",
    "Gambia": "ガンビア",
    "Georgia": "ジョージア",
    "Germany": "ドイツ",
    "Ghana": "ガーナ",
    "Gibraltar": "ジブラルタル",
    "Greece": "ギリシャ",
    "Greenland": "グリーンランド",
    "Grenada": "グレナダ",
    "Guadeloupe": "グアドループ",
    "Guam": "グアム",
    "Guatemala": "グアテマラ",
    "Guinea": "ギニア",
    "Guinea-bissau": "ギニアビサウ",
    "Guyana": "ガイアナ",
    "Haiti": "ハイチ",
    "Honduras": "ホンジュラス",
    "Hong Kong": "中華人民共和国香港特別行政区",
    "Hungary": "ハンガリー",
    "Iceland": "アイスランド",
    "India": "インド",
    "Indonesia": "インドネシア",
    "Iran, Islamic Republic Of": "イラン",
    "Iraq": "イラク",
    "Ireland": "アイルランド",
    "Israel": "イスラエル",
    "Italy": "イタリア",
    "Jamaica": "ジャマイカ",
    "Japan": "日本",
    "Jordan": "ヨルダン",
    "Kazakstan": "カザフスタン",
    "Kenya": "ケニア",
    "Kiribati": "キリバス",
    "Kuwait": "クウェート",
    "Kyrgyzstan": "キルギス",
    "Lao People's Democratic Republic": "ラオス",
    "Latvia": "ラトビア",
    "Lebanon": "レバノン",
    "Lesotho": "レソト",
    "Liberia": "リベリア",
    "Libyan Arab Jamahiriya": "リビア",
    "Liechtenstein": "リヒテンシュタイン",
    "Lithuania": "リトアニア",
    "Luxembourg": "ルクセンブルク",
    "Macau": "中華人民共和国マカオ特別行政区",
    "Macedonia, The Former Yugoslav Republic Of": "北マケドニア",
    "Madagascar": "マダガスカル",
    "Malawi": "マラウイ",
    "Malaysia": "マレーシア",
    "Maldives": "モルディブ",
    "Mali": "マリ",
    "Malta": "マルタ",
    "Marshall Islands": "マーシャル諸島",
    "Martinique": "マルティニーク",
    "Mauritania": "モーリタニア",
    "Mauritius": "モーリシャス",
    "Mayotte": "マヨット",
    "Mexico": "メキシコ",
    "Micronesia, Federated States Of": "ミクロネシア連邦",
    "Moldova, Republic Of": "モルドバ",
    "Monaco": "モナコ",
    "Mongolia": "モンゴル",
    "Montenegro": "モンテネグロ",
    "Montserrat": "モントセラト",
    "Morocco": "モロッコ",
    "Mozambique": "モザンビーク",
    "Myanmar": "ミャンマー (ビルマ)",
    "Namibia": "ナミビア",
    "Nauru": "ナウル",
    "Nepal": "ネパール",
    "Netherlands": "オランダ",
    "New Caledonia": "ニューカレドニア",
    "New Zealand": "ニュージーランド",
    "Nicaragua": "ニカラグア",
    "Niger": "ニジェール",
    "Nigeria": "ナイジェリア",
    "Niue": "ニウエ",
    "Norfolk Island": "ノーフォーク島",
    "Korea, Democratic People's Republic Of": "北朝鮮",
    "Northern Mariana Islands": "北マリアナ諸島",
    "Norway": "ノルウェー",
    "Oman": "オマーン",
    "Pakistan": "パキスタン",
    "Palau": "パラオ",
    "Palestinian Territory, Occupied": "パレスチナ自治区",
    "Panama": "パナマ",
    "Papua New Guinea": "パプアニューギニア",
    "Paraguay": "パラグアイ",
    "Peru": "ペルー",
    "Philippines": "フィリピン",
    "Pitcairn": "ピトケアン諸島",
    "Poland": "ポーランド",
    "Portugal": "ポルトガル",
    "Puerto Rico": "プエルトリコ",
    "Qatar": "カタール",
    "Reunion": "レユニオン",
    "Romania": "ルーマニア",
    "Russian Federation": "ロシア",
    "Rwanda": "ルワンダ",
    "Samoa": "サモア",
    "San Marino": "サンマリノ",
    "Sao Tome And Principe": "サントメ・プリンシペ",
    "Saudi Arabia": "サウジアラビア",
    "Senegal": "セネガル",
    "Serbia": "セルビア",
    "Seychelles": "セーシェル",
    "Sierra Leone": "シエラレオネ",
    "Singapore": "シンガポール",
    "Slovakia": "スロバキア",
    "Slovenia": "スロベニア",
    "Solomon Islands": "ソロモン諸島",
    "Somalia": "ソマリア",
    "South Africa": "南アフリカ",
    "South Georgia And The South Sandwich Islands": "サウスジョージア・サウスサンドウィッチ諸島",
    "Korea, Republic Of": "韓国",
    "Spain": "スペイン",
    "Sri Lanka": "スリランカ",
    "Saint Helena": "セントヘレナ",
    "Saint Kitts And Nevis": "セントクリストファー・ネーヴィス",
    "Saint Lucia": "セントルシア",
    "Saint Pierre And Miquelon": "サンピエール島・ミクロン島",
    "Saint Vincent And The Grenadines": "セントビンセント及びグレナディーン諸島",
    "Sudan": "スーダン",
    "Suriname": "スリナム",
    "Svalbard And Jan Mayen": "スバールバル諸島・ヤンマイエン島",
    "Swaziland": "エスワティニ",
    "Sweden": "スウェーデン",
    "Switzerland": "スイス",
    "Syrian Arab Republic": "シリア",
    "Taiwan, Province Of China": "台湾",
    "Tajikistan": "タジキスタン",
    "Tanzania, United Republic Of": "タンザニア",
    "Thailand": "タイ",
    "Togo": "トーゴ",
    "Tokelau": "トケラウ",
    "Tonga": "トンガ",
    "Trinidad And Tobago": "トリニダード・トバゴ",
    "Tunisia": "チュニジア",
    "Turkey": "トルコ",
    "Turkmenistan": "トルクメニスタン",
    "Turks And Caicos Islands": "タークス・カイコス諸島",
    "Tuvalu": "ツバル",
    "United States Minor Outlying Islands": "合衆国領有小離島",
    "Virgin Islands, U.s.": "米領ヴァージン諸島",
    "Uganda": "ウガンダ",
    "Ukraine": "ウクライナ",
    "United Arab Emirates": "アラブ首長国連邦",
    "United Kingdom": "イギリス",
    "United States": "アメリカ合衆国",
    "Uruguay": "ウルグアイ",
    "Uzbekistan": "ウズベキスタン",
    "Vanuatu": "バヌアツ",
    "Holy See (vatican City State)": "バチカン市国",
    "Venezuela": "ベネズエラ",
    "Viet Nam": "ベトナム",
    "Wallis And Futuna": "ウォリス・フツナ",
    "Western Sahara": "西サハラ",
    "Yemen": "イエメン",
    "Zambia": "ザンビア",
    "Zimbabwe": "ジンバブエ",
    "Bonaire, Sint Eustatius and Saba": "カリブ海オランダ領",
    "Curaçao": "キュラソー島",
    "Guernesey": "ガーンジー島",
    "Isle of Man": "マン島",
    "Jersey": "ジャージー諸島",
    "Sint Maarten (Dutch part)": "シント ・ マールテン島",
    "South Sudan": "南スーダン共和国",
    "Saint Barthélemy": "サン・バルテルミー島",
    "Saint Martin (French part)": "セント・マーチン島",
    "Timor-Leste": "東ティモール",
    "Bouvet Island": "Bouvet Island",
    "Heard Island And Mcdonald Islands": "Heard & McDonald Islands"
  }
}
