{
  "php": {
    "Afghanistan": "Afghanistan",
    "Albania": "Albania",
    "Algeria": "Algeria",
    "American Samoa": "Samoa Americane",
    "Andorra": "Andorra",
    "Angola": "Angola",
    "Anguilla": "Anguilla",
    "Antarctica": "Antartide",
    "Antigua And Barbuda": "Antigua e Barbuda",
    "Argentina": "Argentina",
    "Armenia": "Armenia",
    "Aruba": "Aruba",
    "Australia": "Australia",
    "Austria": "Austria",
    "Azerbaijan": "Azerbaigian",
    "Bahamas": "Bahamas",
    "Bahrain": "Bahrein",
    "Bangladesh": "Bangladesh",
    "Barbados": "Barbados",
    "Belarus": "Bielorussia",
    "Belgium": "Belgio",
    "Belize": "Belize",
    "Benin": "Benin",
    "Bermuda": "Bermuda",
    "Bhutan": "Bhutan",
    "Bolivia": "Bolivia",
    "Bosnia And Herzegovina": "Bosnia-Erzegovina",
    "Botswana": "Botswana",
    "Brazil": "Brasile",
    "British Indian Ocean Territory": "Territorio Britannico dell’Oceano Indiano",
    "Virgin Islands, British": "Isole Vergini Britanniche",
    "Brunei Darussalam": "Brunei",
    "Bulgaria": "Bulgaria",
    "Burkina Faso": "Burkina Faso",
    "Burundi": "Burundi",
    "Cambodia": "Cambogia",
    "Cameroon": "Camerun",
    "Canada": "Canada",
    "Cape Verde": "Capo Verde",
    "Cayman Islands": "Isole Cayman",
    "Central African Republic": "Repubblica Centrafricana",
    "Chad": "Ciad",
    "Chile": "Cile",
    "China": "Cina",
    "Christmas Island": "Isola di Christmas",
    "Cocos (keeling) Islands": "Isole Cocos",
    "Colombia": "Colombia",
    "Comoros": "Comore",
    "Congo": "Congo-Brazzaville",
    "Congo, The Democratic Republic Of The": "Congo - Kinshasa",
    "Cook Islands": "Isole Cook",
    "Costa Rica": "Costa Rica",
    "Cote D'ivoire": "Costa d’Avorio",
    "Croatia": "Croazia",
    "Cuba": "Cuba",
    "Cyprus": "Cipro",
    "Czech Republic": "Repubblica Ceca",
    "Denmark": "Danimarca",
    "Djibouti": "Gibuti",
    "Dominica": "Dominica",
    "Dominican Republic": "Repubblica Dominicana",
    "Ecuador": "Ecuador",
    "Egypt": "Egitto",
    "El Salvador": "El Salvador",
    "Equatorial Guinea": "Guinea Equatoriale",
    "Eritrea": "Eritrea",
    "Estonia": "Estonia",
    "Ethiopia": "Etiopia",
    "Falkland Islands (malvinas)": "Isole Falkland",
    "Faroe Islands": "Isole Faroe",
    "Fiji": "Figi",
    "Finland": "Finlandia",
    "France": "Francia",
    "French Guiana": "Guiana Francese",
    "French Polynesia": "Polinesia Francese",
    "French Southern Territories": "Territori australi francesi",
    "Gabon": "Gabon",
    "Gambia": "Gambia",
    "Georgia": "Georgia",
    "Germany": "Germania",
    "Ghana": "Ghana",
    "Gibraltar": "Gibilterra",
    "Greece": "Grecia",
    "Greenland": "Groenlandia",
    "Grenada": "Grenada",
    "Guadeloupe": "Guadalupa",
    "Guam": "Guam",
    "Guatemala": "Guatemala",
    "Guinea": "Guinea",
    "Guinea-bissau": "Guinea-Bissau",
    "Guyana": "Guyana",
    "Haiti": "Haiti",
    "Honduras": "Honduras",
    "Hong Kong": "RAS di Hong Kong",
    "Hungary": "Ungheria",
    "Iceland": "Islanda",
    "India": "India",
    "Indonesia": "Indonesia",
    "Iran, Islamic Republic Of": "Iran",
    "Iraq": "Iraq",
    "Ireland": "Irlanda",
    "Israel": "Israele",
    "Italy": "Italia",
    "Jamaica": "Giamaica",
    "Japan": "Giappone",
    "Jordan": "Giordania",
    "Kazakstan": "Kazakistan",
    "Kenya": "Kenya",
    "Kiribati": "Kiribati",
    "Kuwait": "Kuwait",
    "Kyrgyzstan": "Kirghizistan",
    "Lao People's Democratic Republic": "Laos",
    "Latvia": "Lettonia",
    "Lebanon": "Libano",
    "Lesotho": "Lesotho",
    "Liberia": "Liberia",
    "Libyan Arab Jamahiriya": "Libia",
    "Liechtenstein": "Liechtenstein",
    "Lithuania": "Lituania",
    "Luxembourg": "Lussemburgo",
    "Macau": "RAS di Macao",
    "Macedonia, The Former Yugoslav Republic Of": "Repubblica di Macedonia",
    "Madagascar": "Madagascar",
    "Malawi": "Malawi",
    "Malaysia": "Malesia",
    "Maldives": "Maldive",
    "Mali": "Mali",
    "Malta": "Malta",
    "Marshall Islands": "Isole Marshall",
    "Martinique": "Martinica",
    "Mauritania": "Mauritania",
    "Mauritius": "Mauritius",
    "Mayotte": "Mayotte",
    "Mexico": "Messico",
    "Micronesia, Federated States Of": "Micronesia",
    "Moldova, Republic Of": "Moldavia",
    "Monaco": "Monaco",
    "Mongolia": "Mongolia",
    "Montenegro": "Montenegro",
    "Montserrat": "Montserrat",
    "Morocco": "Marocco",
    "Mozambique": "Mozambico",
    "Myanmar": "Myanmar (Birmania)",
    "Namibia": "Namibia",
    "Nauru": "Nauru",
    "Nepal": "Nepal",
    "Netherlands": "Paesi Bassi",
    "New Caledonia": "Nuova Caledonia",
    "New Zealand": "Nuova Zelanda",
    "Nicaragua": "Nicaragua",
    "Niger": "Niger",
    "Nigeria": "Nigeria",
    "Niue": "Niue",
    "Norfolk Island": "Isola Norfolk",
    "Korea, Democratic People's Republic Of": "Corea del Nord",
    "Northern Mariana Islands": "Isole Marianne Settentrionali",
    "Norway": "Norvegia",
    "Oman": "Oman",
    "Pakistan": "Pakistan",
    "Palau": "Palau",
    "Palestinian Territory, Occupied": "Territori palestinesi",
    "Panama": "Panamá",
    "Papua New Guinea": "Papua Nuova Guinea",
    "Paraguay": "Paraguay",
    "Peru": "Perù",
    "Philippines": "Filippine",
    "Pitcairn": "Isole Pitcairn",
    "Poland": "Polonia",
    "Portugal": "Portogallo",
    "Puerto Rico": "Portorico",
    "Qatar": "Qatar",
    "Reunion": "Réunion",
    "Romania": "Romania",
    "Russian Federation": "Federazione Russa",
    "Rwanda": "Ruanda",
    "Samoa": "Samoa",
    "San Marino": "San Marino",
    "Sao Tome And Principe": "São Tomé e Príncipe",
    "Saudi Arabia": "Arabia Saudita",
    "Senegal": "Senegal",
    "Serbia": "Serbia",
    "Seychelles": "Seychelles",
    "Sierra Leone": "Sierra Leone",
    "Singapore": "Singapore",
    "Slovakia": "Slovacchia",
    "Slovenia": "Slovenia",
    "Solomon Islands": "Isole Solomon",
    "Somalia": "Somalia",
    "South Africa": "Sudafrica",
    "South Georgia And The South Sandwich Islands": "Georgia del Sud e isole Sandwich meridionali",
    "Korea, Republic Of": "Corea del Sud",
    "Spain": "Spagna",
    "Sri Lanka": "Sri Lanka",
    "Saint Helena": "Sant’Elena",
    "Saint Kitts And Nevis": "Saint Kitts e Nevis",
    "Saint Lucia": "Saint Lucia",
    "Saint Pierre And Miquelon": "Saint Pierre e Miquelon",
    "Saint Vincent And The Grenadines": "Saint Vincent e Grenadines",
    "Sudan": "Sudan",
    "Suriname": "Suriname",
    "Svalbard And Jan Mayen": "Svalbard e Jan Mayen",
    "Swaziland": "Swaziland",
    "Sweden": "Svezia",
    "Switzerland": "Svizzera",
    "Syrian Arab Republic": "Siria",
    "Taiwan, Province Of China": "Taiwan",
    "Tajikistan": "Tagikistan",
    "Tanzania, United Republic Of": "Tanzania",
    "Thailand": "Tailandia",
    "Togo": "Togo",
    "Tokelau": "Tokelau",
    "Tonga": "Tonga",
    "Trinidad And Tobago": "Trinidad e Tobago",
    "Tunisia": "Tunisia",
    "Turkey": "Turchia",
    "Turkmenistan": "Turkmenistan",
    "Turks And Caicos Islands": "Isole Turks e Caicos",
    "Tuvalu": "Tuvalu",
    "United States Minor Outlying Islands": "Isole minori lontane dagli USA",
    "Virgin Islands, U.s.": "Isole Vergini Americane",
    "Uganda": "Uganda",
    "Ukraine": "Ucraina",
    "United Arab Emirates": "Emirati Arabi Uniti",
    "United Kingdom": "Regno Unito",
    "United States": "Stati Uniti",
    "Uruguay": "Uruguay",
    "Uzbekistan": "Uzbekistan",
    "Vanuatu": "Vanuatu",
    "Holy See (vatican City State)": "Città del Vaticano",
    "Venezuela": "Venezuela",
    "Viet Nam": "Vietnam",
    "Wallis And Futuna": "Wallis e Futuna",
    "Western Sahara": "Sahara Occidentale",
    "Yemen": "Yemen",
    "Zambia": "Zambia",
    "Zimbabwe": "Zimbabwe",
    "Bonaire, Sint Eustatius and Saba": "Caraibi olandesi",
    "Curaçao": "Curaçao",
    "Guernesey": "Guernsey",
    "Isle of Man": "Isola di Man",
    "Jersey": "Jersey",
    "Sint Maarten (Dutch part)": "Sint Maarten",
    "South Sudan": "Sud Sudan",
    "Saint Barthélemy": "Saint-Barthélemy",
    "Saint Martin (French part)": "Saint Martin",
    "Timor-Leste": "Timor Est",
    "Bouvet Island": "Bouvet Island",
    "Heard Island And Mcdonald Islands": "Heard & McDonald Islands"
  }
}
