{
    "php": {
        "Afghanistan": "افغانستان",
        "Albania": "آلبانی",
        "Algeria": "الجزایر",
        "American Samoa": "ساموآی آمریکا",
        "Andorra": "آندورا",
        "Angola": "آنگولا",
        "Anguilla": "آنگویلا",
        "Antarctica": "جنوبگان",
        "Antigua And Barbuda": "آنتیگوا و باربودا",
        "Argentina": "آرژانتین",
        "Armenia": "ارمنستان",
        "Aruba": "آروبا",
        "Australia": "استرالیا",
        "Austria": "اتریش",
        "Azerbaijan": "جمهوری آذربایجان",
        "Bahamas": "باهاما",
        "Bahrain": "بحرین",
        "Bangladesh": "بنگلادش",
        "Barbados": "باربادوس",
        "Belarus": "بلاروس",
        "Belgium": "بلژیک",
        "Belize": "بلیز",
        "Benin": "بنین",
        "Bermuda": "برمودا",
        "Bhutan": "بوتان",
        "Bolivia": "بولیوی",
        "Bosnia And Herzegovina": "بوسنی و هرزگوین",
        "Botswana": "بوتسوانا",
        "Brazil": "برزیل",
        "British Indian Ocean Territory": "قلمرو بریتانیا در اقیانوس هند",
        "Virgin Islands, British": "جزایر ویرجین بریتانیا",
        "Brunei Darussalam": "برونئی",
        "Bulgaria": "بلغارستان",
        "Burkina Faso": "بورکینافاسو",
        "Burundi": "بوروندی",
        "Cambodia": "کامبوج",
        "Cameroon": "کامرون",
        "Canada": "کانادا",
        "Cape Verde": "کیپ‌ورد",
        "Cayman Islands": "جزایر کِیمن",
        "Central African Republic": "جمهوری افریقای مرکزی",
        "Chad": "چاد",
        "Chile": "شیلی",
        "China": "چین",
        "Christmas Island": "جزیرهٔ کریسمس",
        "Cocos (keeling) Islands": "جزایر کوکوس (کیلینگ)",
        "Colombia": "کلمبیا",
        "Comoros": "کومور",
        "Congo": "کنگو - برازویل",
        "Congo, The Democratic Republic Of The": "کنگو - کینشاسا",
        "Cook Islands": "جزایر کوک",
        "Costa Rica": "کاستاریکا",
        "Cote D'ivoire": "ساحل عاج",
        "Croatia": "کرواسی",
        "Cuba": "کوبا",
        "Cyprus": "قبرس",
        "Czech Republic": "جمهوری چک",
        "Denmark": "دانمارک",
        "Djibouti": "جیبوتی",
        "Dominica": "دومینیکا",
        "Dominican Republic": "جمهوری دومینیکن",
        "Ecuador": "اکوادور",
        "Egypt": "مصر",
        "El Salvador": "السالوادور",
        "Equatorial Guinea": "گینهٔ استوایی",
        "Eritrea": "اریتره",
        "Estonia": "استونی",
        "Ethiopia": "اتیوپی",
        "Falkland Islands (malvinas)": "جزایر فالکلند",
        "Faroe Islands": "جزایر فارو",
        "Fiji": "فیجی",
        "Finland": "فنلاند",
        "France": "فرانسه",
        "French Guiana": "گویان فرانسه",
        "French Polynesia": "پلی‌نزی فرانسه",
        "French Southern Territories": "قلمروهای جنوبی فرانسه",
        "Gabon": "گابن",
        "Gambia": "گامبیا",
        "Georgia": "گرجستان",
        "Germany": "آلمان",
        "Ghana": "غنا",
        "Gibraltar": "جبل‌الطارق",
        "Greece": "یونان",
        "Greenland": "گرینلند",
        "Grenada": "گرنادا",
        "Guadeloupe": "گوادلوپ",
        "Guam": "گوام",
        "Guatemala": "گواتمالا",
        "Guinea": "گینه",
        "Guinea-bissau": "گینهٔ بیسائو",
        "Guyana": "گویان",
        "Haiti": "هائیتی",
        "Honduras": "هندوراس",
        "Hong Kong": "هنگ‌کنگ، ناحیهٔ ویژهٔ حکومتی چین",
        "Hungary": "مجارستان",
        "Iceland": "ایسلند",
        "India": "هند",
        "Indonesia": "اندونزی",
        "Iran, Islamic Republic Of": "ایران",
        "Iraq": "عراق",
        "Ireland": "ایرلند",
        "Israel": "اسرائیل",
        "Italy": "ایتالیا",
        "Jamaica": "جامائیکا",
        "Japan": "ژاپن",
        "Jordan": "اردن",
        "Kazakstan": "قزاقستان",
        "Kenya": "کنیا",
        "Kiribati": "کیریباتی",
        "Kuwait": "کویت",
        "Kyrgyzstan": "قرقیزستان",
        "Lao People's Democratic Republic": "لائوس",
        "Latvia": "لتونی",
        "Lebanon": "لبنان",
        "Lesotho": "لسوتو",
        "Liberia": "لیبریا",
        "Libyan Arab Jamahiriya": "لیبی",
        "Liechtenstein": "لیختن‌اشتاین",
        "Lithuania": "لیتوانی",
        "Luxembourg": "لوکزامبورگ",
        "Macau": "ماکائو، ناحیهٔ ویژهٔ حکومتی چین",
        "Macedonia, The Former Yugoslav Republic Of": "مقدونیه",
        "Madagascar": "ماداگاسکار",
        "Malawi": "مالاوی",
        "Malaysia": "مالزی",
        "Maldives": "مالدیو",
        "Mali": "مالی",
        "Malta": "مالت",
        "Marshall Islands": "جزایر مارشال",
        "Martinique": "مارتینیک",
        "Mauritania": "موریتانی",
        "Mauritius": "موریس",
        "Mayotte": "مایوت",
        "Mexico": "مکزیک",
        "Micronesia, Federated States Of": "میکرونزی",
        "Moldova, Republic Of": "مولداوی",
        "Monaco": "موناکو",
        "Mongolia": "مغولستان",
        "Montenegro": "مونته‌نگرو",
        "Montserrat": "مونت‌سرات",
        "Morocco": "مراکش",
        "Mozambique": "موزامبیک",
        "Myanmar": "میانمار (برمه)",
        "Namibia": "نامیبیا",
        "Nauru": "نائورو",
        "Nepal": "نپال",
        "Netherlands": "هلند",
        "New Caledonia": "کالدونیای جدید",
        "New Zealand": "زلاند نو",
        "Nicaragua": "نیکاراگوئه",
        "Niger": "نیجر",
        "Nigeria": "نیجریه",
        "Niue": "نیوئه",
        "Norfolk Island": "جزیره نورفک",
        "Korea, Democratic People's Republic Of": "کرهٔ شمالی",
        "Northern Mariana Islands": "جزایر ماریانای شمالی",
        "Norway": "نروژ",
        "Oman": "عمان",
        "Pakistan": "پاکستان",
        "Palau": "پالائو",
        "Palestinian Territory, Occupied": "سرزمین‌های فلسطینی",
        "Panama": "پاناما",
        "Papua New Guinea": "پاپوا گینهٔ نو",
        "Paraguay": "پاراگوئه",
        "Peru": "پرو",
        "Philippines": "فیلیپین",
        "Pitcairn": "جزایر پیت‌کرن",
        "Poland": "لهستان",
        "Portugal": "پرتغال",
        "Puerto Rico": "پورتوریکو",
        "Qatar": "قطر",
        "Reunion": "رئونیون",
        "Romania": "رومانی",
        "Russian Federation": "روسیه",
        "Rwanda": "رواندا",
        "Samoa": "ساموآ",
        "San Marino": "سن مارینو",
        "Sao Tome And Principe": "سائوتومه و پرینسیپ",
        "Saudi Arabia": "عربستان سعودی",
        "Senegal": "سنگال",
        "Serbia": "صربستان",
        "Seychelles": "سیشل",
        "Sierra Leone": "سیرالئون",
        "Singapore": "سنگاپور",
        "Slovakia": "اسلواکی",
        "Slovenia": "اسلوونی",
        "Solomon Islands": "جزایر سلیمان",
        "Somalia": "سومالی",
        "South Africa": "افریقای جنوبی",
        "South Georgia And The South Sandwich Islands": "جزایر جورجیای جنوبی و ساندویچ جنوبی",
        "Korea, Republic Of": "کرهٔ جنوبی",
        "Spain": "اسپانیا",
        "Sri Lanka": "سری‌لانکا",
        "Saint Helena": "سنت هلن",
        "Saint Kitts And Nevis": "سنت کیتس و نویس",
        "Saint Lucia": "سنت لوسیا",
        "Saint Pierre And Miquelon": "سن پیر و میکلن",
        "Saint Vincent And The Grenadines": "سنت وینسنت و گرنادین‌ها",
        "Sudan": "سودان",
        "Suriname": "سورینام",
        "Svalbard And Jan Mayen": "اسوالبارد و جان‌ماین",
        "Swaziland": "سوازیلند",
        "Sweden": "سوئد",
        "Switzerland": "سوئیس",
        "Syrian Arab Republic": "سوریه",
        "Taiwan, Province Of China": "تایوان",
        "Tajikistan": "تاجیکستان",
        "Tanzania, United Republic Of": "تانزانیا",
        "Thailand": "تایلند",
        "Togo": "توگو",
        "Tokelau": "توکلائو",
        "Tonga": "تونگا",
        "Trinidad And Tobago": "ترینیداد و توباگو",
        "Tunisia": "تونس",
        "Turkey": "ترکیه",
        "Turkmenistan": "ترکمنستان",
        "Turks And Caicos Islands": "جزایر تورکس و کایکوس",
        "Tuvalu": "تووالو",
        "United States Minor Outlying Islands": "جزایر دورافتادهٔ ایالات متحده",
        "Virgin Islands, U.s.": "جزایر ویرجین ایالات متحده",
        "Uganda": "اوگاندا",
        "Ukraine": "اوکراین",
        "United Arab Emirates": "امارات متحدهٔ عربی",
        "United Kingdom": "بریتانیا",
        "United States": "ایالات متحدهٔ امریکا",
        "Uruguay": "اروگوئه",
        "Uzbekistan": "ازبکستان",
        "Vanuatu": "وانواتو",
        "Holy See (vatican City State)": "واتیکان",
        "Venezuela": "ونزوئلا",
        "Viet Nam": "ویتنام",
        "Wallis And Futuna": "والیس و فوتونا",
        "Western Sahara": "صحرای غربی",
        "Yemen": "یمن",
        "Zambia": "زامبیا",
        "Zimbabwe": "زیمبابوه",
        "Timor-Leste": "تیمور-لسته",
        "Jersey": "جرزی",
        "Bonaire, Sint Eustatius and Saba": "جزایر کارائیب هلند",
        "Isle of Man": "جزیرهٔ من",
        "Saint Barthélemy": "سن بارتلمی",
        "Sint Maarten (Dutch part)": "سنت مارتن",
        "Saint Martin (French part)": "سنت مارتین",
        "South Sudan": "سودان جنوبی",
        "Curaçao": "کوراسائو",
        "Guernesey": "گرنزی"
    }
}